Referee,n,total_yellow,total_red,yellows_per_game,reds_per_game,home_yellow,away_yellow,home_red,away_red,yellow_gap,red_gap
A Taylor,206,747,28,3.6262135922330097,0.13592233009708737,1.7621359223300972,1.8640776699029127,0.07766990291262135,0.05825242718446602,0.029221111030002245,0.019380976713628734
M Oliver,194,642,23,3.3092783505154637,0.11855670103092783,1.592783505154639,1.7164948453608246,0.04639175257731959,0.07216494845360824,-0.2877141306875437,0.00201534764746919
C Pawson,155,581,16,3.7483870967741937,0.1032258064516129,1.8129032258064517,1.935483870967742,0.05806451612903226,0.04516129032258064,0.15139461557118628,-0.013315546931845737
C Kavanagh,153,548,18,3.581699346405229,0.11764705882352941,1.6339869281045751,1.9477124183006536,0.06535947712418301,0.05228758169934641,-0.015293134797778496,0.00110570544007077
S Attwell,150,587,20,3.9133333333333336,0.13333333333333333,1.8533333333333333,2.06,0.02666666666666667,0.10666666666666667,0.31634085213032614,0.01679197994987469
P Tierney,140,500,18,3.5714285714285716,0.12857142857142856,1.7,1.8714285714285714,0.07142857142857142,0.05714285714285714,-0.02556390977443579,0.012030075187969919
A Madley,131,439,14,3.351145038167939,0.10687022900763359,1.4732824427480915,1.8778625954198473,0.061068702290076333,0.04580152671755725,-0.24584744303506856,-0.009671124375825055
S Hooper,130,486,10,3.7384615384615385,0.07692307692307693,1.6538461538461537,2.0846153846153848,0.05384615384615385,0.023076923076923078,0.1414690572585311,-0.03961827646038171
P Bankes,115,453,14,3.9391304347826086,0.12173913043478261,1.6608695652173913,2.2782608695652176,0.05217391304347826,0.06956521739130435,0.3421379535796012,0.0051977770513239735
R Jones,110,425,11,3.8636363636363638,0.1,1.6181818181818182,2.2454545454545456,0.05454545454545454,0.045454545454545456,0.26664388243335635,-0.016541353383458635
D Coote,100,393,13,3.93,0.13,1.89,2.04,0.05,0.08,0.33300751879699275,0.013458646616541364
D England,99,395,11,3.98989898989899,0.1111111111111111,1.696969696969697,2.292929292929293,0.0707070707070707,0.04040404040404041,0.39290650869598265,-0.005430242272347535
M Atkinson,84,217,9,2.5833333333333335,0.10714285714285714,1.2380952380952381,1.3452380952380953,0.03571428571428571,0.07142857142857142,-1.013659147869674,-0.009398496240601503
J Gillett,84,314,4,3.738095238095238,0.047619047619047616,1.869047619047619,1.869047619047619,0.023809523809523808,0.023809523809523808,0.14110275689223073,-0.06892230576441102
A Marriner,81,225,7,2.7777777777777777,0.08641975308641975,1.3209876543209877,1.4567901234567902,0.06172839506172839,0.024691358024691357,-0.8192147034252297,-0.030121600297038892
M Dean,78,283,12,3.628205128205128,0.15384615384615385,1.8974358974358974,1.7307692307692308,0.05128205128205128,0.10256410256410256,0.031212647002120786,0.037304800462695215
J Brooks,74,320,9,4.324324324324325,0.12162162162162163,2.27027027027027,2.054054054054054,0.05405405405405406,0.06756756756756757,0.7273318431213172,0.005080268238162988
J Moss,74,210,8,2.8378378378378377,0.10810810810810811,1.4594594594594594,1.3783783783783783,0.013513513513513514,0.0945945945945946,-0.7591546433651697,-0.008433245275350526
K Friend,68,208,10,3.0588235294117645,0.14705882352941177,1.6323529411764706,1.4264705882352942,0.07352941176470588,0.07352941176470588,-0.5381689517912429,0.03051747014595313
S Barrott,62,242,3,3.903225806451613,0.04838709677419355,1.7096774193548387,2.193548387096774,0.03225806451612903,0.016129032258064516,0.3062333252486056,-0.0681542566092651
M Salisbury,61,235,8,3.8524590163934427,0.13114754098360656,1.8852459016393444,1.9672131147540983,0.06557377049180328,0.06557377049180328,0.2554665351904353,0.014606187600147924
G Scott,55,152,12,2.7636363636363637,0.21818181818181817,1.3636363636363635,1.4,0.14545454545454545,0.07272727272727272,-0.8333561175666437,0.10164046479835953
T Bramall,52,203,9,3.9038461538461537,0.17307692307692307,1.6923076923076923,2.2115384615384617,0.057692307692307696,0.11538461538461539,0.30685367264314634,0.05653556969346443
T Robinson,49,204,3,4.163265306122449,0.061224489795918366,1.7959183673469388,2.36734693877551,0.02040816326530612,0.04081632653061224,0.5662728249194418,-0.055316863587540274
T Harrington,48,172,5,3.5833333333333335,0.10416666666666667,1.6458333333333333,1.9375,0.0625,0.041666666666666664,-0.013659147869673927,-0.012374686716791969
L Mason,27,80,1,2.962962962962963,0.037037037037037035,1.3333333333333333,1.6296296296296295,0.037037037037037035,0.0,-0.6340295182400446,-0.0795043163464216
D Bond,23,93,4,4.043478260869565,0.17391304347826086,1.6956521739130435,2.347826086956522,0.08695652173913043,0.08695652173913043,0.446485779666558,0.057371690094802225
L Smith,10,41,3,4.1,0.3,2.1,2.0,0.1,0.2,0.5030075187969922,0.18345864661654135
J Smith,8,31,2,3.875,0.25,2.25,1.625,0.0,0.25,0.2780075187969926,0.13345864661654136
T Kirk,6,16,3,2.6666666666666665,0.5,1.3333333333333333,1.3333333333333333,0.3333333333333333,0.16666666666666666,-0.9303258145363409,0.3834586466165414
A Kitchen,6,19,0,3.1666666666666665,0.0,1.8333333333333333,1.3333333333333333,0.0,0.0,-0.4303258145363409,-0.11654135338345864
F Hallam,5,13,0,2.6,0.0,1.0,1.6,0.0,0.0,-0.9969924812030073,-0.11654135338345864
M Donohue,5,28,0,5.6,0.0,2.6,3.0,0.0,0.0,2.0030075187969922,-0.11654135338345864
S Allison,4,19,0,4.75,0.0,2.75,2.0,0.0,0.0,1.1530075187969926,-0.11654135338345864
R Madley,2,9,1,4.5,0.5,2.0,2.5,0.0,0.5,0.9030075187969926,0.3834586466165414
D Webb,2,7,0,3.5,0.0,1.0,2.5,0.0,0.0,-0.09699248120300741,-0.11654135338345864
R Welch,2,8,1,4.0,0.5,2.5,1.5,0.5,0.0,0.4030075187969926,0.3834586466165414
A Moss,1,4,0,4.0,0.0,1.0,3.0,0.0,0.0,0.4030075187969926,-0.11654135338345864
J Gillett ,1,2,0,2.0,0.0,1.0,1.0,0.0,0.0,-1.5969924812030074,-0.11654135338345864
K Kavanagh,1,3,0,3.0,0.0,1.0,2.0,0.0,0.0,-0.5969924812030074,-0.11654135338345864
O Langford,1,1,0,1.0,0.0,1.0,0.0,0.0,0.0,-2.5969924812030074,-0.11654135338345864
O Oliver,1,5,0,5.0,0.0,3.0,2.0,0.0,0.0,1.4030075187969926,-0.11654135338345864
S Singh,1,5,0,5.0,0.0,2.0,3.0,0.0,0.0,1.4030075187969926,-0.11654135338345864
S Scott,1,3,0,3.0,0.0,1.0,2.0,0.0,0.0,-0.5969924812030074,-0.11654135338345864
