Team,win_pct_home,draw_pct_home,lose_pct_home,n_home,lose_pct_away,draw_pct_away,win_pct_away,n_away
Arsenal,64.662,18.797,16.541,133,25.564,23.308,51.128,133
Aston Villa,50.376,20.301,29.323,133,45.113,19.549,35.338,133
Bournemouth,34.737,31.579,33.684,95,48.421,22.105,29.474,95
Brentford,41.053,30.526,28.421,95,48.421,21.053,30.526,95
Brighton,36.842,35.338,27.82,133,39.098,30.075,30.827,133
Burnley,22.105,28.421,49.474,95,53.684,25.263,21.053,95
Chelsea,48.872,27.82,23.308,133,34.586,21.805,43.609,133
Crystal Palace,33.083,33.835,33.083,133,44.361,27.068,28.571,133
Everton,36.09,25.564,38.346,133,44.361,27.068,28.571,133
Fulham,38.947,18.947,42.105,95,45.263,27.368,27.368,95
Ipswich,5.263,21.053,73.684,19,52.632,31.579,15.789,19
Leeds,34.211,30.263,35.526,76,52.632,22.368,25.0,76
Leicester,41.053,16.842,42.105,95,47.368,23.158,29.474,95
Liverpool,71.429,19.549,9.023,133,23.308,24.06,52.632,133
Luton,21.053,21.053,57.895,19,68.421,21.053,10.526,19
Man City,75.94,13.534,10.526,133,20.301,18.797,60.902,133
Man United,55.639,21.053,23.308,133,32.331,27.82,39.85,133
Newcastle,48.872,24.812,26.316,133,45.865,22.556,31.579,133
Norwich,18.421,15.789,65.789,38,73.684,18.421,7.895,38
Nott'm Forest,34.211,31.579,34.211,76,51.316,19.737,28.947,76
Sheffield United,29.825,14.035,56.14,57,64.912,22.807,12.281,57
Southampton,24.211,22.105,53.684,95,57.895,20.0,22.105,95
Sunderland,47.368,31.579,21.053,19,42.105,31.579,26.316,19
Tottenham,51.88,12.782,35.338,133,39.098,26.316,34.586,133
Watford,21.053,21.053,57.895,38,65.789,18.421,15.789,38
West Brom,15.789,31.579,52.632,19,63.158,26.316,10.526,19
West Ham,38.346,25.564,36.09,133,49.624,20.301,30.075,133
Wolves,36.09,21.053,42.857,133,50.376,24.812,24.812,133
